state,vet_pop,overall_pop_18,vet_pop_p,vet_suicides,all_suicides,vet_suicides_p,vet_males,vet_males_p,vet_females,vet_females_p,vet_rate,civ_rate,year
Alabama,403950,3344721,0.120772405232006,135,535,0.252336448598131,,0.0,,0.0,33.4199777200148,13.6018751545088,2005
Alaska,74482,446969,0.166637954757489,24,131,0.183206106870229,22.0,0.916666666666667,2.0,0.083333333333333,32.2225504148653,28.725834727118,2005
Arizona,538880,4238996,0.127124441731014,225,945,0.238095238095238,,0.0,,0.0,41.7532660332542,19.4588493982351,2005
Arkansas,259304,2023819,0.128126082421402,81,400,0.2025,79.0,0.975308641975309,2.0,0.024691358024691,31.2374664486472,18.0786221709648,2005
California,2193336,25543447,0.085866876150271,633,3206,0.197442295695571,613.0,0.968404423380727,20.0,0.031595576619273,28.8601472824957,11.0192195660226,2005
Colorado,402091,3371999,0.119244104164918,191,800,0.23875,183.0,0.958115183246073,8.0,0.041884816753927,47.5016849419659,20.5056856980082,2005
Connecticut,261294,2559377,0.102092813993405,52,295,0.176271186440678,,0.0,,0.0,19.9009544803937,10.5740306159525,2005
Delaware,79151,620779,0.127502702249915,17,83,0.204819277108434,17.0,1.0,0.0,0.0,21.4779345807381,12.1854852407926,2005
Florida*,1717801,13289030,0.12926458891281,540,2347,0.230080954409885,,0.0,,0.0,31.4355388080459,15.6163187160154,2005
Georgia,731466,6437595,0.11362410962479,182,924,0.196969696969697,,0.0,,0.0,24.8815392649829,13.0035616089296,2005
Hawaii,116793,917646,0.127274569932196,15,107,0.14018691588785,,0.0,,0.0,12.8432354678791,11.4877511852987,2005
Idaho,132844,1019061,0.130359222853195,65,228,0.285087719298246,63.0,0.969230769230769,2.0,0.030769230769231,48.9295715275059,18.3927864168708,2005
Illinois,853338,9197524,0.092779100114335,219,1086,0.201657458563536,,0.0,,0.0,25.6639221504257,10.3904682853426,2005
Indiana,505259,4496185,0.11237504684527,112,745,0.150335570469799,111.0,0.991071428571429,1.0,0.008928571428571,22.1668490813622,15.8609806345695,2005
Iowa,249911,2192545,0.113982153159912,70,333,0.21021021021021,,0.0,,0.0,28.0099715498718,13.5383196217095,2005
Kansas,238506,1981969,0.120337906395105,86,362,0.237569060773481,82.0,0.953488372093023,4.0,0.046511627906977,36.0577930953519,15.8305625069187,2005
Kentucky,341752,3073085,0.111208118226473,44,566,0.07773851590106,,0.0,,0.0,12.8748332123879,19.1115473653341,2005
Louisiana,337822,3234969,0.104428203175981,101,505,0.2,,0.0,,0.0,29.8974015901866,13.9447532348203,2005
Maine,145352,1003350,0.144866696566502,49,175,0.28,,0.0,,0.0,33.7112664428422,14.6853489168972,2005
Maryland,480654,4038360,0.119022078269396,105,472,0.222457627118644,,0.0,,0.0,21.8452358661324,10.3156359744172,2005
Massachusetts,453249,4725900,0.095907446200724,51,480,0.10625,49.0,0.96078431372549,2.0,0.03921568627451,11.2520932202829,10.0406047673915,2005
Michigan,782823,7347736,0.106539347630345,232,1108,0.209386281588448,225.0,0.969827586206897,7.0,0.030172413793103,29.6363290296785,13.3436650264825,2005
Minnesota,407255,3759713,0.108320768101182,103,547,0.188299817184644,100.0,0.970873786407767,3.0,0.029126213592233,25.2912794195283,13.2440137952511,2005
Mississippi,226398,2070896,0.109323693705526,68,363,0.18732782369146,68.0,1.0,0.0,0.0,30.0356010212104,15.9935115137018,2005
Missouri***,533517,4251339,0.125493873812462,180,727,0.247592847317744,177.0,0.983333333333333,3.0,0.016666666666667,33.7383813449243,14.7129152498425,2005
Montana,100637,704193,0.142911105336179,59,206,0.286407766990291,57.0,0.966101694915254,2.0,0.033898305084746,58.6265488836114,24.3556521681501,2005
Nebraska,154607,1270888,0.121652734151239,18,187,0.096256684491979,,0.0,,0.0,11.6424224000207,15.1395571545158,2005
Nevada,233633,1757343,0.132946726962238,106,480,0.220833333333333,,0.0,,0.0,45.3703029965801,24.5453531183755,2005
New Hampshire,129603,967192,0.133999247305602,37,162,0.228395061728395,37.0,1.0,0.0,0.0,28.5487218660062,14.9237872035091,2005
New Jersey,546437,6358519,0.085937778907321,80,536,0.149253731343284,79.0,0.9875,1.0,0.0125,14.6402970516272,7.84572550765801,2005
New Mexico,177687,1392242,0.127626518952883,80,342,0.233918128654971,77.0,0.9625,3.0,0.0375,45.0229898641994,21.5716867494679,2005
New York,1098272,14119047,0.077786553157589,208,1189,0.174936921783011,203.0,0.975961538461538,5.0,0.024038461538462,18.9388421083302,7.53411375282961,2005
North Carolina,723831,6240503,0.11598920792122,225,1009,0.222993062438057,216.0,0.96,9.0,0.04,31.0846040028681,14.2114666233555,2005
North Dakota**,58479,470198,0.12437100965976,24,92,0.260869565217391,24.0,1.0,0.0,0.0,41.0403734673986,16.5161190034951,2005
Ohio,982418,8390951,0.117080650333913,282,1341,0.210290827740492,278.0,0.985815602836879,4.0,0.014184397163121,28.7046857854803,14.2943279054031,2005
Oklahoma,341464,2572747,0.132723505264995,109,522,0.208812260536398,,0.0,4.0,0.036697247706422,31.9213738490734,18.5095301671729,2005
Oregon,350365,2709927,0.129289460564805,154,560,0.275,149.0,0.967532467532468,5.0,0.032467532467532,43.9541620881081,17.2065832557059,2005
Pennsylvania,1088379,9169767,0.118692110715572,336,1430,0.234965034965035,331.0,0.985119047619048,5.0,0.014880952380952,30.8715989558784,13.5372784972086,2005
Rhode Island,88971,785844,0.113217127063387,15,71,0.211267605633803,,0.0,,0.0,16.8594261051354,8.03589750212736,2005
South Carolina,400152,3077479,0.13002590756915,96,510,0.188235294117647,93.0,0.96875,3.0,0.03125,23.9908834642836,15.4631839891056,2005
South Dakota,67985,557930,0.121852203681465,29,121,0.239669421487603,,0.0,,0.0,42.6564683386041,18.7776178958863,2005
Tennessee,509881,4412551,0.115552432141861,183,856,0.213785046728972,178.0,0.972677595628415,5.0,0.027322404371585,35.8907274442468,17.2446043349809,2005
Texas,1612948,15899260,0.101447991919121,509,2418,0.210504549214227,498.0,0.978388998035364,11.0,0.021611001964636,31.5571239742385,13.3624409154721,2005
Utah,143301,1683956,0.085097829159432,49,348,0.140804597701149,48.0,0.979591836734694,1.0,0.020408163265306,34.1937599877182,19.4073299992536,2005
Vermont,57633,469021,0.122879359346383,10,78,0.128205128205128,9.0,0.9,1.0,0.1,17.3511703364392,16.5294077610431,2005
Virginia,757224,5442170,0.139140085664358,206,866,0.237875288683603,199.0,0.966019417475728,7.0,0.033980582524272,27.2046316545699,14.0876757170734,2005
Washington,628595,4633815,0.135653883463194,225,822,0.273722627737226,216.0,0.96,9.0,0.04,35.7941122662446,14.9055482595213,2005
West Virginia,175697,1389726,0.126425640737815,73,255,0.286274509803922,73.0,1.0,0.0,0.0,41.5488027684024,14.9914046534308,2005
Wisconsin,444679,4080095,0.108987413283269,136,643,0.211508553654743,,0.0,,0.0,30.5838593682184,13.9461343626149,2005
Wyoming,55519,379651,0.146236938662087,17,90,0.188888888888889,,0.0,,0.0,30.6201480574218,22.5216886947293,2005
Total,23395625,214122025,0.109263047554309,6846,32604,0.209974236290026,4554.0,0.665205959684487,129.0,0.018843120070114,29.2618812277937,13.5052095567263,2005
Alabama,408917,3473558,0.117722807565038,145,580,0.25,,0.0,,0.0,35.4595186798299,14.1941584675008,2006
Alaska,70067,478581,0.146405728601846,29,135,0.214814814814815,28.0,0.96551724137931,1.0,0.03448275862069,41.3889562846989,25.9477031386929,2006
Arizona,558906,4521911,0.123599513568489,225,979,0.229826353421859,,0.0,,0.0,40.2572167770609,19.0259664068049,2006
Arkansas,258170,2110583,0.122321652358614,90,376,0.23936170212766,88.0,0.977777777777778,2.0,0.022222222222222,34.8607506681644,15.4393215767758,2006
California,2142367,26789221,0.079971231712934,665,3334,0.199460107978404,655.0,0.984962406015038,10.0,0.015037593984962,31.0404333151136,10.8289682731922,2006
Colorado,416250,3558782,0.11696417482161,148,730,0.202739726027397,140.0,0.945945945945946,8.0,0.054054054054054,35.5555555555556,18.5200978064822,2006
Connecticut,260131,2680115,0.09705964109749,44,292,0.150684931506849,,0.0,,0.0,16.9145545898028,10.2480016396803,2006
Delaware,79438,647164,0.122747866074133,16,91,0.175824175824176,15.0,0.9375,1.0,0.0625,20.1414939953171,13.2105980701958,2006
Florida*,1747213,14016217,0.124656531787429,562,2440,0.230327868852459,,0.0,,0.0,32.1655115890278,15.3068659852096,2006
Georgia,732779,6850347,0.106969617743452,97,923,0.105092091007584,,0.0,,0.0,13.2372789067372,13.5020975655685,2006
Hawaii,117468,950715,0.123557533014626,21,120,0.175,,0.0,,0.0,17.8772091122689,11.8812308955208,2006
Idaho,133128,1066418,0.124836602532966,53,222,0.238738738738739,53.0,1.0,0.0,0.0,39.8113094165014,18.1079835849522,2006
Illinois,845481,9597260,0.088096081589954,186,1010,0.184158415841584,,0.0,,0.0,21.9993116344424,9.41522860666386,2006
Indiana,513266,4728420,0.108549155954843,108,824,0.131067961165049,107.0,0.990740740740741,1.0,0.009259259259259,21.0417210569179,16.9863307485326,2006
Iowa,253158,2265619,0.111738999363971,63,334,0.188622754491018,,0.0,,0.0,24.8856445381935,13.4660994672692,2006
Kansas,234507,2053186,0.114216149925043,94,379,0.24802110817942,93.0,0.98936170212766,1.0,0.01063829787234,40.0840913064429,15.6707148430262,2006
Kentucky,340830,3192332,0.106765211137187,34,622,0.054662379421222,,0.0,,0.0,9.97564768359593,20.6207114706565,2006
Louisiana,324880,3183547,0.102049694884354,81,492,0.164634146341463,,0.0,,0.0,24.9322826889929,14.3773304130911,2006
Maine,142205,1035232,0.137365344193379,43,158,0.272151898734177,,0.0,,0.0,30.238036637249,12.8775501748547,2006
Maryland,475371,4230839,0.112358565286932,91,495,0.183838383838384,,0.0,,0.0,19.1429430907649,10.7576472492909,2006
Massachusetts,453873,4983228,0.091080119151682,30,450,0.066666666666667,30.0,1.0,0.0,0.0,6.60977850632225,9.27284348433717,2006
Michigan,765929,7613279,0.100604351948746,258,1139,0.226514486391572,250.0,0.968992248062016,8.0,0.031007751937984,33.6845843413685,12.8662913389852,2006
Minnesota,410003,3905954,0.104968722109887,113,554,0.203971119133574,107.0,0.946902654867257,6.0,0.053097345132743,27.5607739455565,12.6145932823429,2006
Mississippi,212612,2140412,0.09933227808478,65,325,0.2,63.0,0.969230769230769,2.0,0.030769230769231,30.5721219874701,13.4868762319743,2006
Missouri***,526916,4403875,0.119648264312679,180,799,0.225281602002503,177.0,0.983333333333333,3.0,0.016666666666667,34.1610427468515,15.9661219012117,2006
Montana,102845,722684,0.142309778547747,54,189,0.285714285714286,54.0,1.0,0.0,0.0,52.5061986484516,21.779849283443,2006
Nebraska,151844,1316899,0.11530421087722,5,202,0.024752475247525,,0.0,,0.0,3.29285319143331,16.9090729622207,2006
Nevada,236901,1852592,0.127875430747839,107,486,0.220164609053498,,0.0,,0.0,45.1665463632488,23.4574556644804,2006
New Hampshire,130690,1015927,0.128641132679809,33,151,0.218543046357616,31.0,0.93939393939394,2.0,0.060606060606061,25.2505930063509,13.3297636678087,2006
New Jersey,527080,6628089,0.079522166947366,93,585,0.158974358974359,92.0,0.989247311827957,1.0,0.010752688172043,17.6443803597177,8.06423986589759,2006
New Mexico,176274,1436320,0.122726133452156,76,352,0.215909090909091,74.0,0.973684210526316,2.0,0.026315789473684,43.1146964384992,21.9039622362993,2006
New York,1098766,14768694,0.074398318497221,216,1326,0.16289592760181,213.0,0.986111111111111,3.0,0.013888888888889,19.6584168057621,8.12001350702067,2006
North Carolina,752508,6625708,0.113573975792474,200,1106,0.180831826401447,194.0,0.97,6.0,0.03,26.5777905351172,15.4260028604509,2006
North Dakota**,57536,487103,0.118118755170878,18,90,0.2,18.0,1.0,0.0,0.0,31.2847608453838,16.761064048216,2006
Ohio,961616,8696516,0.110574855493855,251,1325,0.189433962264151,246.0,0.9800796812749,5.0,0.0199203187251,26.1018951431757,13.8851181010744,2006
Oklahoma,333358,2668872,0.124905952777053,113,537,0.210428305400372,,0.0,,0.0,33.8974915856227,18.1544619300077,2006
Oregon,350730,2839640,0.1235121353411,143,579,0.246977547495682,136.0,0.951048951048951,7.0,0.048951048951049,40.772103897585,17.5177085551506,2006
Pennsylvania,1073558,9625288,0.11153515614286,309,1396,0.22134670487106,305.0,0.98705501618123,4.0,0.01294498381877,28.7827951540578,12.7108783836721,2006
Rhode Island,82129,827561,0.099242231086288,21,90,0.233333333333333,,0.0,,0.0,25.5695308599886,9.25637750995396,2006
South Carolina,398128,3252620,0.122402248033893,118,524,0.225190839694656,114.0,0.966101694915254,4.0,0.033898305084746,29.6387091588635,14.22319628151,2006
South Dakota,73535,585507,0.125592008293667,26,125,0.208,,0.0,,0.0,35.3573128442238,19.3369949919136,2006
Tennessee,502295,4578718,0.109702104388172,150,874,0.17162471395881,147.0,0.98,3.0,0.02,29.8629291551777,17.7606690964112,2006
Texas,1660455,16924145,0.098111603274493,454,2347,0.193438432040903,447.0,0.984581497797357,7.0,0.015418502202643,27.3419032735003,12.4019814343714,2006
Utah,154774,1753636,0.088258908918384,63,362,0.174033149171271,61.0,0.968253968253968,2.0,0.031746031746032,40.7045110935945,18.7008009446719,2006
Vermont,55512,489177,0.113480396666237,16,81,0.197530864197531,16.0,1.0,0.0,0.0,28.8225969159821,14.9885280112529,2006
Virginia,771782,5732436,0.134634211354475,178,876,0.203196347031963,172.0,0.966292134831461,6.0,0.033707865168539,23.0635075707907,14.0707253519395,2006
Washington,629296,4827071,0.130368084496789,200,809,0.247218788627936,194.0,0.97,6.0,0.03,31.7815463629198,14.5076856191673,2006
West Virginia,178121,1426759,0.124843088426286,56,269,0.20817843866171,56.0,1.0,0.0,0.0,31.4393024966175,17.0585870364349,2006
Wisconsin,447851,4237883,0.105678000076925,138,670,0.205970149253731,,0.0,,0.0,30.8138197748805,14.0368207972914,2006
Wyoming,54263,390268,0.139040351758279,22,116,0.189655172413793,,0.0,,0.0,40.5432799513481,27.9757741700272,2006
Total,23385712,224186908,0.104313459731556,6501,33270,0.195401262398557,4376.0,0.673127211198277,101.0,0.015536071373635,27.7990253193916,13.3310958964607,2006
Alabama,406762,3489439,0.116569454287638,130,592,0.219594594594595,,0.0,,0.0,31.9597209178832,14.9869739839756,2007
Alaska,74614,485178,0.153786857606899,30,149,0.201342281879195,29.0,0.966666666666667,1.0,0.033333333333333,40.2069316750208,28.984518856987,2007
Arizona,555500,4649090,0.119485748823963,224,1016,0.220472440944882,,0.0,,0.0,40.3240324032403,19.3473210556016,2007
Arkansas,251482,2127954,0.11818018622583,84,402,0.208955223880597,82.0,0.976190476190476,2.0,0.023809523809524,33.4019929855815,16.9466957140847,2007
California,2079606,27033547,0.076926864240198,655,3602,0.181843420322043,634.0,0.96793893129771,21.0,0.03206106870229,31.4963507510557,11.8097578254273,2007
Colorado,414228,3643412,0.113692330156458,196,811,0.241676942046856,185.0,0.943877551020408,11.0,0.056122448979592,47.3169365663354,19.0450590613604,2007
Connecticut,245359,2674817,0.091729265964737,39,271,0.143911439114391,,0.0,,0.0,15.8950761944742,9.54945506363971,2007
Delaware,78075,657092,0.118818978164397,15,95,0.157894736842105,15.0,1.0,0.0,0.0,19.2122958693564,13.8165200676319,2007
Florida*,1709427,14155099,0.12076404410877,595,2587,0.229996134518748,,0.0,,0.0,34.8069850306565,16.0055640225775,2007
Georgia,710726,6972297,0.101935703542176,211,997,0.211634904714142,,0.0,,0.0,29.6879528819826,12.5527603216509,2007
Hawaii,124261,960064,0.1294299130058,21,133,0.157894736842105,,0.0,,0.0,16.8999122814077,13.4002869097144,2007
Idaho,131795,1088296,0.121102163382021,48,223,0.2152466367713,48.0,1.0,0.0,0.0,36.4201980348268,18.2958512327745,2007
Illinois,803229,9636981,0.083348613014802,183,1108,0.165162454873646,,0.0,,0.0,22.7830419469417,10.4712018177554,2007
Indiana,491684,4754575,0.103412818180384,101,790,0.127848101265823,98.0,0.97029702970297,3.0,0.02970297029703,20.5416487011983,16.1627402624182,2007
Iowa,250852,2274820,0.110273340308244,63,322,0.195652173913044,,0.0,,0.0,25.1144100904119,12.7966450062452,2007
Kansas,231387,2067370,0.111923361565661,88,382,0.230366492146597,86.0,0.977272727272727,2.0,0.022727272727273,38.0315229464058,16.0132201659819,2007
Kentucky,335093,3220471,0.104050929196382,44,649,0.067796610169492,,0.0,,0.0,13.1306831237895,20.9677900087961,2007
Louisiana,315184,3199922,0.098497400874146,91,522,0.174329501915709,,0.0,,0.0,28.8720239606071,14.9406982540529,2007
Maine,142506,1034884,0.137702389833063,39,191,0.204188481675393,,0.0,,0.0,27.3672687465791,17.0331406646063,2007
Maryland,461184,4232439,0.108964122105481,76,518,0.146718146718147,,0.0,,0.0,16.4793227865668,11.7202363669389,2007
Massachusetts,437588,5011861,0.087310482074423,50,516,0.096899224806202,47.0,0.94,3.0,0.06,11.4262731153505,10.1874112017363,2007
Michigan,749774,7616804,0.098436824683949,230,1131,0.203359858532272,224.0,0.973913043478261,6.0,0.026086956521739,30.6759103409828,13.1206649745232,2007
Minnesota,405354,3935350,0.103003290685708,125,572,0.218531468531469,123.0,0.984,2.0,0.016,30.8372434958086,12.6629038673132,2007
Mississippi,214698,2140780,0.100289614065901,83,396,0.20959595959596,80.0,0.963855421686747,3.0,0.036144578313253,38.6589535067863,16.2506061528014,2007
Missouri***,511821,4434377,0.115421174158174,180,808,0.222772277227723,177.0,0.983333333333333,3.0,0.016666666666667,35.1685452531256,16.0099690100027,2007
Montana,102649,735059,0.139647293618607,53,196,0.270408163265306,52.0,0.981132075471698,1.0,0.018867924528302,51.6322613956298,22.6119131576035,2007
Nebraska,149306,1320148,0.113097925384124,15,181,0.082872928176796,,0.0,,0.0,10.0464817221009,14.1778309968382,2007
Nevada,233596,1892386,0.123439932445072,104,471,0.220806794055202,,0.0,,0.0,44.5213102964092,22.1245606737441,2007
New Hampshire,122646,1016155,0.120696153637978,42,158,0.265822784810127,41.0,0.976190476190476,1.0,0.023809523809524,34.2448999559708,12.9825217205423,2007
New Jersey,497130,6615934,0.075141317915203,80,596,0.134228187919463,79.0,0.9875,1.0,0.0125,16.0923702049766,8.43302057068669,2007
New Mexico,178400,1465336,0.121746821206877,96,401,0.239401496259352,89.0,0.927083333333333,7.0,0.072916666666667,53.8116591928251,23.6997022384952,2007
New York,1041376,14857620,0.070090364405605,205,1396,0.146848137535817,197.0,0.960975609756098,8.0,0.039024390243902,19.6854930399779,8.62028782931164,2007
North Carolina,734260,6773333,0.108404532893924,229,1077,0.212627669452182,223.0,0.973799126637555,6.0,0.026200873362445,31.1878626099747,14.0418902040098,2007
North Dakota**,55232,491391,0.112399290992306,27,95,0.28421052631579,26.0,0.962962962962963,1.0,0.037037037037037,48.8847045191193,15.5906446960856,2007
Ohio,953338,8703442,0.10953574459392,275,1295,0.212355212355212,271.0,0.985454545454546,4.0,0.014545454545454,28.8460126418962,13.1611137089257,2007
Oklahoma,325423,2694837,0.120757953078424,112,531,0.210922787193974,,0.0,,0.0,34.4167437458324,17.6836973192528,2007
Oregon,348422,2881297,0.120925402691913,157,594,0.264309764309764,155.0,0.987261146496815,2.0,0.012738853503185,45.0603004402707,17.2531214528944,2007
Pennsylvania,1044143,9636871,0.108348757599848,324,1441,0.224843858431645,320.0,0.987654320987654,4.0,0.012345679012346,31.0302324490036,12.999364113469,2007
Rhode Island,80703,820384,0.098372225689433,16,96,0.166666666666667,,0.0,,0.0,19.8257809499027,10.8154731566716,2007
South Carolina,396961,3316277,0.119700797008211,123,530,0.232075471698113,116.0,0.943089430894309,7.0,0.056910569105691,30.9854116651258,13.9416219415781,2007
South Dakota,75167,597885,0.125721501626567,21,102,0.205882352941176,,0.0,,0.0,27.937791850147,15.4959270581843,2007
Tennessee,510068,4669784,0.109227321863281,182,844,0.21563981042654,178.0,0.978021978021978,4.0,0.021978021978022,35.6815169742074,15.9145480124124,2007
Texas,1613252,17190551,0.093845275814603,434,2433,0.178380600082203,427.0,0.983870967741936,7.0,0.016129032258064,26.902182672019,12.8327767220749,2007
Utah,155573,1821224,0.085422221538921,68,378,0.17989417989418,67.0,0.985294117647059,1.0,0.014705882352941,43.7093840190779,18.6113417516635,2007
Vermont,55351,489141,0.11315960019708,19,89,0.213483146067416,18.0,0.947368421052632,1.0,0.052631578947368,34.3263897671226,16.1368404066484,2007
Virginia,757595,5779184,0.131090306174713,178,880,0.202272727272727,173.0,0.971910112359551,5.0,0.028089887640449,23.4954032167583,13.9796387159523,2007
Washington,622263,4888868,0.127281612021433,229,865,0.264739884393064,223.0,0.973799126637555,6.0,0.026200873362445,36.801159638288,14.9064654450084,2007
West Virginia,171036,1423318,0.120167102502744,67,300,0.223333333333333,67.0,1.0,0.0,0.0,39.1730395940036,18.606032826472,2007
Wisconsin,450802,4277566,0.105387503080023,128,729,0.175582990397805,,0.0,,0.0,28.3938403112675,15.7051754432727,2007
Wyoming,51494,393326,0.130919390022526,27,101,0.267326732673267,,0.0,,0.0,52.4332931992077,21.6480610358305,2007
Total,22858375,226248236,0.101032279429573,6812,34562,0.197095075516463,4550.0,0.66793893129771,123.0,0.018056371109806,29.8008935455823,13.6437479545748,2007
Alabama,402072,3521323,0.114182084404072,138,604,0.228476821192053,,0.0,,0.0,34.322210947293,14.9394838696854,2008
Alaska,67833,486235,0.13950661717071,27,169,0.159763313609467,27.0,1.0,0.0,0.0,39.8036353986997,33.9386523008972,2008
Arizona,551053,4768630,0.115557927538937,233,972,0.239711934156379,,0.0,,0.0,42.2826842427135,17.5219089064645,2008
Arkansas,243494,2145844,0.113472367982015,96,447,0.214765100671141,90.0,0.9375,6.0,0.0625,39.4260228178107,18.4508634057876,2008
California,2034700,27233110,0.074714199002611,727,3775,0.192582781456954,712.0,0.979367262723521,15.0,0.020632737276479,35.7300830589276,12.0960012953198,2008
Colorado,415094,3705758,0.11201325073035,188,803,0.23412204234122,179.0,0.952127659574468,9.0,0.047872340425532,45.2909461471378,18.6892371873883,2008
Connecticut,237074,2684092,0.088325586455308,46,315,0.146031746031746,,0.0,,0.0,19.4032243097092,10.9929718539054,2008
Delaware,75987,661193,0.114924084193269,23,109,0.211009174311927,23.0,1.0,0.0,0.0,30.2683353731559,14.6956798118953,2008
Florida*,1655847,14266412,0.116066113890444,631,2740,0.23029197080292,,0.0,,0.0,38.1073855253535,16.7240722362559,2008
Georgia,709363,7082157,0.10016199866792,192,981,0.195718654434251,,0.0,,0.0,27.0665371608048,12.3807548149211,2008
Hawaii,106372,959788,0.110828641324959,20,133,0.150375939849624,,0.0,,0.0,18.8019403602452,13.2409047873487,2008
Idaho,135394,1105360,0.12248860099877,75,252,0.297619047619048,74.0,0.986666666666667,1.0,0.013333333333333,55.3938874691641,18.2480623032148,2008
Illinois,782182,9701259,0.080626854720609,229,1198,0.191151919866444,,0.0,,0.0,29.2770736222516,10.864352892121,2008
Indiana,486149,4787570,0.101543998312296,184,809,0.227441285537701,180.0,0.978260869565217,4.0,0.021739130434783,37.8484785528717,14.5300820356808,2008
Iowa,245912,2290057,0.107382479999406,74,380,0.194736842105263,,0.0,,0.0,30.0920654543089,14.9695838602447,2008
Kansas,231810,2084264,0.111219116196413,74,337,0.219584569732938,73.0,0.986486486486486,1.0,0.013513513513514,31.9226953108149,14.1973835787555,2008
Kentucky,329768,3242747,0.101694026700202,51,612,0.083333333333333,,0.0,,0.0,15.4654181121273,19.2586352321798,2008
Louisiana,304756,3287010,0.092715264024144,97,532,0.182330827067669,,0.0,,0.0,31.8287416818701,14.5862827244091,2008
Maine,136533,1038090,0.131523278328469,44,181,0.243093922651934,,0.0,,0.0,32.2266411783232,15.1959332576864,2008
Maryland,445742,4265690,0.104494700740091,92,507,0.181459566074951,,0.0,,0.0,20.6397422724356,10.8640222327634,2008
Massachusetts,422508,5062590,0.083456886692385,48,509,0.094302554027505,48.0,1.0,0.0,0.0,11.360731631117,9.93516924916413,2008
Michigan,720840,7603028,0.094809594282699,224,1180,0.189830508474576,219.0,0.977678571428571,5.0,0.022321428571429,31.0748571111481,13.8909311980434,2008
Minnesota,391485,3966540,0.098696849143082,110,596,0.184563758389262,109.0,0.990909090909091,1.0,0.009090909090909,28.0981391368763,13.5941964529217,2008
Mississippi,209831,2158203,0.097224867169585,81,409,0.198044009779951,81.0,1.0,0.0,0.0,38.6024943883411,16.8345675261192,2008
Missouri***,508839,4469294,0.113852210214857,180,779,0.231065468549422,177.0,0.983333333333333,3.0,0.016666666666667,35.3746469905019,15.1245248336365,2008
Montana,100543,741354,0.135620769564877,50,203,0.246305418719212,49.0,0.98,1.0,0.02,49.7299662830829,23.8759946380446,2008
Nebraska,147482,1329791,0.110906149913783,21,191,0.109947643979058,,0.0,,0.0,14.2390257794172,14.3786438232306,2008
Nevada,227277,1922260,0.118234265916161,131,528,0.248106060606061,,0.0,,0.0,57.6389163883719,23.4220638201091,2008
New Hampshire,121145,1021327,0.118615291674459,36,179,0.201117318435754,35.0,0.972222222222222,1.0,0.027777777777778,29.716455487226,15.8856764520952,2008
New Jersey,485053,6623050,0.073237103751293,77,615,0.12520325203252,75.0,0.974025974025974,2.0,0.025974025974026,15.8745539147268,8.76507433939769,2008
New Mexico,171725,1473640,0.116531174506664,80,419,0.190930787589499,76.0,0.95,4.0,0.05,46.5861115155044,26.0385662658468,2008
New York,1032622,15051925,0.068603982547083,224,1409,0.158977998580554,220.0,0.982142857142857,4.0,0.017857142857143,21.6923520901162,8.45263134693644,2008
North Carolina,746259,6879572,0.108474626037783,238,1162,0.204819277108434,232.0,0.974789915966386,6.0,0.025210084033613,31.8924126878202,15.0652673359406,2008
North Dakota**,54688,493281,0.110865814819545,14,86,0.162790697674419,13.0,0.928571428571429,1.0,0.071428571428571,25.5997659449971,16.4161306724002,2008
Ohio,926863,8740001,0.106048386035654,264,1412,0.186968838526912,259.0,0.981060606060606,5.0,0.018939393939394,28.4831738886977,14.6932000945075,2008
Oklahoma,316987,2713979,0.116797882371234,145,575,0.252173913043478,,0.0,,0.0,45.7432008252704,17.939150401837,2008
Oregon,349013,2919847,0.119531263110704,140,572,0.244755244755245,136.0,0.971428571428571,4.0,0.028571428571429,40.1131189955675,16.8038854317315,2008
Pennsylvania,1023082,9671561,0.105782510186308,333,1539,0.216374269005848,330.0,0.990990990990991,3.0,0.009009009009009,32.5487106605336,13.9446485329964,2008
Rhode Island,82464,815584,0.101110369992545,16,110,0.145454545454545,,0.0,,0.0,19.4024058983314,12.8219118288957,2008
South Carolina,391275,3375008,0.115933058529046,137,565,0.242477876106195,131.0,0.956204379562044,6.0,0.043795620437956,35.0137371413967,14.3444470399999,2008
South Dakota,70852,601688,0.117755381526638,20,124,0.161290322580645,,0.0,,0.0,28.2278552475583,19.5917383146584,2008
Tennessee,503323,4720255,0.10663046805734,176,973,0.180883864337102,173.0,0.982954545454545,3.0,0.017045454545454,34.967605295208,18.8999964903394,2008
Texas,1603981,17493335,0.091690978306881,454,2552,0.177899686520376,445.0,0.980176211453744,9.0,0.019823788546256,28.304574680124,13.2038092926874,2008
Utah,146547,1875269,0.078147188483359,55,390,0.141025641025641,55.0,1.0,0.0,0.0,37.5306215753308,19.3784772797477,2008
Vermont,53175,491776,0.10812849752733,15,94,0.159574468085106,14.0,0.933333333333333,1.0,0.066666666666667,28.2087447108604,18.0118148385435,2008
Virginia,720855,5812063,0.124027389241995,203,948,0.214135021097046,194.0,0.955665024630542,9.0,0.044334975369458,28.1610032530814,14.6330694012109,2008
Washington,606459,4942947,0.122691786903643,238,889,0.267716535433071,232.0,0.974789915966386,6.0,0.025210084033613,39.2442028232741,15.0121480792752,2008
West Virginia,171744,1426761,0.120373349145372,58,261,0.222222222222222,56.0,0.96551724137931,2.0,0.03448275862069,33.7711943357555,16.1750797001156,2008
Wisconsin,438533,4310254,0.101741799903208,131,743,0.176312247644684,,0.0,,0.0,29.8723243176682,15.8069241042937,2008
Wyoming,50704,401718,0.126217894144649,30,124,0.241935483870968,,0.0,,0.0,59.1669296307984,26.7795586500823,2008
Total,22393289,228424490,0.098033660926637,7170,35992,0.199210935763503,4717.0,0.657880055788006,112.0,0.015620641562064,32.0185212632231,13.9891433239764,2008
Alabama,397405,3558849,0.111666721459663,178,673,0.264487369985141,,0.0,,0.0,44.7905788804872,15.6574021238396,2009
Alaska,70458,500570,0.140755538685898,34,143,0.237762237762238,34.0,1.0,0.0,0.0,48.2556984302705,25.342236440741,2009
Arizona,532634,4843073,0.109978519836476,228,1060,0.215094339622642,,0.0,,0.0,42.8061295373559,19.3019782903783,2009
Arkansas,244016,2173244,0.112281915882432,89,422,0.210900473933649,87.0,0.97752808988764,2.0,0.02247191011236,36.4730181627434,17.2607903264933,2009
California,1963556,27365341,0.071753390538784,723,3823,0.189118493329846,705.0,0.975103734439834,18.0,0.024896265560166,36.820951375973,12.2038667755042,2009
Colorado,395350,3762991,0.105062701452116,211,941,0.22422954303932,202.0,0.957345971563981,9.0,0.042654028436019,53.3704312634375,21.6768948946755,2009
Connecticut,222632,2703644,0.082345160827387,31,316,0.098101265822785,,0.0,,0.0,13.9243235473786,11.4872479455964,2009
Delaware,77232,673811,0.114619678218373,17,107,0.158878504672897,17.0,1.0,0.0,0.0,22.0116014087425,15.0860154313176,2009
Florida*,1591864,14412206,0.110452487287512,658,2858,0.230230930720784,,0.0,,0.0,41.3351894382937,17.1602286428864,2009
Georgia,693809,7166761,0.096809283859194,244,1134,0.215167548500882,,0.0,,0.0,35.1681802916941,13.7495226289334,2009
Hawaii,106310,958760,0.110882806958989,25,175,0.142857142857143,,0.0,,0.0,23.5161320665977,17.5963399612881,2009
Idaho,122552,1121706,0.109255009779746,66,304,0.217105263157895,60.0,0.909090909090909,6.0,0.090909090909091,53.854690253933,23.8201518484638,2009
Illinois,772410,9716887,0.079491507928414,199,1177,0.169073916737468,,0.0,,0.0,25.7635193744255,10.9341216931968,2009
Indiana,471717,4830620,0.097651440187802,150,828,0.181159420289855,148.0,0.986666666666667,2.0,0.013333333333333,31.7987267789798,15.5543722812827,2009
Iowa,234659,2296177,0.102195518899458,71,361,0.196675900277008,,0.0,,0.0,30.2566703173541,14.0673038023437,2009
Kansas,218993,2099260,0.104319141030649,93,382,0.243455497382199,90.0,0.967741935483871,3.0,0.032258064516129,42.4671108208938,15.3701575361372,2009
Kentucky,319199,3275369,0.09745436315725,104,592,0.175675675675676,,0.0,,0.0,32.5815557066282,16.5078463011261,2009
Louisiana,315813,3351308,0.094235743178484,92,490,0.187755102040816,,0.0,,0.0,29.1311630616852,13.1115353509065,2009
Maine,132238,1043178,0.126764559835426,45,197,0.228426395939086,,0.0,,0.0,34.0295527760553,16.6860605528355,2009
Maryland,438707,4313424,0.101707367511286,97,551,0.176043557168784,,0.0,,0.0,22.110429056295,11.7169847501121,2009
Massachusetts,414595,5153924,0.080442590926836,48,530,0.090566037735849,46.0,0.958333333333333,2.0,0.041666666666667,11.5775636464502,10.1702160791116,2009
Michigan,706848,7614974,0.092823429206718,232,1169,0.198460222412318,227.0,0.978448275862069,5.0,0.021551724137931,32.8217664901082,13.5637363881319,2009
Minnesota,381202,4004268,0.095198922749426,106,584,0.181506849315068,103.0,0.971698113207547,3.0,0.028301886792453,27.8067796076621,13.1932457206134,2009
Mississippi,203152,2171630,0.093548164282129,77,381,0.202099737532808,73.0,0.948051948051948,4.0,0.051948051948052,37.9026541702764,15.4434034822843,2009
Missouri***,498159,4536263,0.109817045440267,180,860,0.209302325581395,177.0,0.983333333333333,3.0,0.016666666666667,36.133041860129,16.8395861027849,2009
Montana,96661,749212,0.129016887076021,48,219,0.219178082191781,47.0,0.979166666666667,1.0,0.020833333333333,49.6580834048893,26.2048483566802,2009
Nebraska,147275,1342732,0.109683093871301,30,170,0.176470588235294,,0.0,,0.0,20.370056017654,11.7110025705651,2009
Nevada,218908,1947160,0.112424248649315,118,505,0.233663366336634,,0.0,,0.0,53.9039231092514,22.3925677505364,2009
New Hampshire,114796,1034119,0.111008500955886,28,166,0.168674698795181,27.0,0.964285714285714,1.0,0.035714285714286,24.3910937663333,15.0110461720201,2009
New Jersey,464094,6646834,0.06982181291123,81,557,0.145421903052065,80.0,0.987654320987654,1.0,0.012345679012346,17.4533607415739,7.69885196530988,2009
New Mexico,168545,1484782,0.113514980650358,85,376,0.226063829787234,80.0,0.941176470588235,5.0,0.058823529411765,50.4316354682726,22.1084804636247,2009
New York,994358,15092255,0.065885316674016,192,1417,0.135497529992943,191.0,0.994791666666667,1.0,0.005208333333333,19.308941045378,8.68923925320209,2009
North Carolina,731015,6996408,0.104484329673169,249,1174,0.212095400340716,240.0,0.963855421686747,9.0,0.036144578313253,34.0622285452419,14.7636389289547,2009
North Dakota**,52159,498949,0.104537738325961,14,90,0.155555555555556,13.0,0.928571428571429,1.0,0.071428571428571,26.8410053873732,17.010228518991,2009
Ohio,897333,8813009,0.10181914031859,243,1176,0.206632653061224,237.0,0.975308641975309,6.0,0.024691358024691,27.0802478009836,11.7867381130809,2009
Oklahoma,313711,2741064,0.114448622870535,122,567,0.215167548500882,,0.0,,0.0,38.8892961993682,18.3327270487646,2009
Oregon,343557,2948094,0.116535293650745,145,644,0.225155279503106,135.0,0.931034482758621,10.0,0.068965517241379,42.2055146598672,19.1588754546393,2009
Pennsylvania,988006,9817894,0.100633190784093,292,1631,0.179031269160024,289.0,0.98972602739726,3.0,0.01027397260274,29.5544763898195,15.1644052563294,2009
Rhode Island,75328,822465,0.091588091894488,22,118,0.186440677966102,,0.0,,0.0,29.2056074766355,12.8490491034442,2009
South Carolina,385544,3441651,0.112022979668769,143,619,0.231017770597738,142.0,0.993006993006993,1.0,0.006993006993007,37.0904488203681,15.5753708885193,2009
South Dakota,68313,609906,0.112005784497939,33,129,0.255813953488372,,0.0,,0.0,48.3070572219051,17.7254875893891,2009
Tennessee,502280,4782812,0.105017717610477,196,947,0.206969376979937,193.0,0.98469387755102,3.0,0.01530612244898,39.0220594090945,17.544548201018,2009
Texas,1581873,17785992,0.088939261864056,492,2809,0.175151299394802,474.0,0.963414634146341,18.0,0.036585365853658,31.1023704178528,14.2988335249821,2009
Utah,149221,1906017,0.078289438131979,79,449,0.175946547884187,77.0,0.974683544303798,2.0,0.025316455696202,52.9416100950938,21.0610679896812,2009
Vermont,51899,494457,0.104961604345777,7,87,0.080459770114942,7.0,1.0,0.0,0.0,13.487735794524,18.0767266663353,2009
Virginia,728528,5913691,0.123193450587797,198,963,0.205607476635514,186.0,0.93939393939394,12.0,0.060606060606061,27.1780906155975,14.7536345530507,2009
Washington,585202,5035212,0.116221918759329,249,921,0.270358306188925,240.0,0.963855421686747,9.0,0.036144578313253,42.5494102890968,15.1010896604727,2009
West Virginia,156260,1433007,0.10904343105093,66,253,0.260869565217391,63.0,0.954545454545455,3.0,0.045454545454546,42.237296813004,14.6465979555856,2009
Wisconsin,430296,4343001,0.099078033829603,134,724,0.185082872928177,,0.0,,0.0,31.1413538587391,15.079082118381,2009
Wyoming,51008,410174,0.124356980208399,18,111,0.162162162162162,,0.0,,0.0,35.288582183187,25.8933195235629,2009
Total,21821680,230739135,0.094572947064225,7282,36880,0.197451193058568,4690.0,0.64405383136501,143.0,0.01963746223565,33.3704829325698,14.167317900747,2009
Alabama,401114,3634612,0.110359510176052,156,679,0.229749631811487,,0.0,,0.0,38.8916866526723,16.1744340030518,2010
Alaska,71399,507439,0.140704597005748,35,164,0.213414634146341,33.0,0.942857142857143,2.0,0.057142857142857,49.0202944018824,29.5844417943308,2010
Arizona,529692,4762678,0.111217260541233,240,1093,0.219579139981702,,0.0,,0.0,45.3093495842867,20.1512596545323,2010
Arkansas,247571,2203766,0.112339967128996,105,447,0.23489932885906,103.0,0.980952380952381,2.0,0.019047619047619,42.412075727771,17.4829196475811,2010
California,1947570,27908574,0.069783930916714,705,3913,0.180168668540762,682.0,0.967375886524823,23.0,0.032624113475177,36.1989556216208,12.3569951300805,2010
Colorado,391203,3789844,0.103224037717647,156,865,0.180346820809249,155.0,0.993589743589744,1.0,0.006410256410256,39.876994808322,20.8612795526212,2010
Connecticut,225379,2753985,0.081837410152924,52,353,0.147308781869688,,0.0,,0.0,23.0722471925068,11.9037920498488,2010
Delaware,73311,690836,0.106119252615671,14,106,0.132075471698113,12.0,0.857142857142857,2.0,0.142857142857143,19.0967249116776,14.8981822598275,2010
Florida*,1616185,14789132,0.109281937574159,642,2789,0.230190032269631,,0.0,,0.0,39.723175255308,16.298554909543,2010
Georgia,696844,7170107,0.097187392043103,175,1133,0.154457193292145,,0.0,,0.0,25.1132247676668,14.799336903197,2010
Hawaii,117301,1025770,0.114354094972557,31,207,0.14975845410628,,0.0,,0.0,26.4277371889413,19.3732532425432,2010
Idaho,125328,1139751,0.109960859872025,70,290,0.241379310344828,67.0,0.957142857142857,3.0,0.042857142857143,55.8534405719392,21.6872054359966,2010
Illinois,751492,9708301,0.077407159089938,200,1178,0.169779286926995,,0.0,,0.0,26.6137231001794,10.9190672704978,2010
Indiana,469627,4880691,0.096221416188814,165,864,0.190972222222222,163.0,0.987878787878788,2.0,0.012121212121212,35.1342661303545,15.8465168494495,2010
Iowa,233244,2323493,0.100385066793832,71,372,0.190860215053763,,0.0,,0.0,30.4402256864056,14.4001982538922,2010
Kansas,215780,2118586,0.10185095153088,81,401,0.201995012468828,76.0,0.938271604938272,5.0,0.061728395061728,37.538233385856,16.8172688124801,2010
Kentucky,317278,3295944,0.096263164665419,104,631,0.164817749603804,,0.0,,0.0,32.7788248791281,17.692483816581,2010
Louisiana,312187,3410467,0.091537903753357,125,557,0.224416517055655,,0.0,,0.0,40.040104168335,13.9432201092219,2010
Maine,128123,1051795,0.121813661407404,46,186,0.247311827956989,,0.0,,0.0,35.902999461455,15.1568955213539,2010
Maryland,429774,4404995,0.097565150471226,85,502,0.169322709163347,,0.0,,0.0,19.7778367234872,10.4899828210809,2010
Massachusetts,398252,5135613,0.077547120470331,75,598,0.125418060200669,67.0,0.893333333333333,8.0,0.106666666666667,18.8322971384952,11.0399017512071,2010
Michigan,692922,7538643,0.09191601194008,212,1263,0.167854315122724,211.0,0.995283018867924,1.0,0.004716981132075,30.5950741930549,15.3526560606253,2010
Minnesota,377976,4024747,0.093912983847183,91,606,0.15016501650165,88.0,0.967032967032967,3.0,0.032967032967033,24.0756026837683,14.1220822475554,2010
Mississippi,204156,2204874,0.092593046133248,76,388,0.195876288659794,73.0,0.960526315789474,3.0,0.039473684210526,37.2264346872,15.5944016098221,2010
Missouri***,495420,4555615,0.108749312661408,180,856,0.210280373831776,177.0,0.983333333333333,3.0,0.016666666666667,36.3328085260991,16.6494466398781,2010
Montana,95353,764891,0.124662206771945,68,227,0.299559471365639,65.0,0.955882352941176,3.0,0.044117647058824,71.3139597076128,23.7477185760928,2010
Nebraska,144695,1365316,0.105979128641282,21,193,0.10880829015544,,0.0,,0.0,14.5132865682988,14.0911880100375,2010
Nevada,230314,2030027,0.113453663424181,124,547,0.226691042047532,,0.0,,0.0,53.8395408008198,23.5037475419692,2010
New Hampshire,114826,1029988,0.111482852227405,41,196,0.209183673469388,38.0,0.926829268292683,3.0,0.073170731707317,35.7061989444899,16.9368920475282,2010
New Jersey,453498,6732067,0.067363857192746,94,719,0.130737134909597,93.0,0.98936170212766,1.0,0.01063829787234,20.7277650618084,9.95449759332103,2010
New Mexico,178732,1539376,0.116106786126327,82,413,0.198547215496368,76.0,0.926829268292683,6.0,0.073170731707317,45.8787458317481,24.3267158786575,2010
New York,951890,15055513,0.063225344762414,214,1547,0.138332255979315,208.0,0.97196261682243,6.0,0.02803738317757,22.4815892592632,9.4514721500993,2010
North Carolina,726084,7190151,0.100983136515492,222,1174,0.189097103918228,212.0,0.954954954954955,10.0,0.045045045045045,30.5749747963046,14.7275701195548,2010
North Dakota**,52076,519829,0.100179097357015,24,106,0.226415094339623,24.0,1.0,0.0,0.0,46.086488977648,17.5306197929249,2010
Ohio,892782,8803836,0.101408295202228,268,1439,0.186240444753301,261.0,0.973880597014925,7.0,0.026119402985075,30.0185263591784,14.8020731497977,2010
Oklahoma,323461,2810612,0.115085611247657,131,618,0.211974110032362,,0.0,,0.0,40.4994728885399,19.5806366400753,2010
Oregon,331584,2969208,0.111674224237574,151,685,0.22043795620438,146.0,0.966887417218543,5.0,0.033112582781457,45.538988612237,20.2454936715771,2010
Pennsylvania,981646,9917938,0.098976823609908,285,1576,0.180837563451777,276.0,0.968421052631579,9.0,0.031578947368421,29.0328692828168,14.4467078739146,2010
Rhode Island,72835,825652,0.088215131798869,20,129,0.155038759689922,,0.0,,0.0,27.4593258735498,14.4789503956473,2010
South Carolina,409008,3521443,0.116147840530146,132,637,0.207221350078493,129.0,0.977272727272727,3.0,0.022727272727273,32.273207370027,16.2252384387144,2010
South Dakota,69780,610858,0.114232767680869,21,140,0.15,,0.0,,0.0,30.0945829750645,21.9931322286251,2010
Tennessee,487899,4846847,0.100663173399119,155,943,0.164369034994698,149.0,0.961290322580645,6.0,0.038709677419355,31.7688701964956,18.0777563760797,2010
Texas,1609732,18268116,0.088117023123786,535,2891,0.185057073676928,520.0,0.97196261682243,15.0,0.02803738317757,33.2353460079069,14.143028519453,2010
Utah,152839,1898882,0.080488940334365,75,473,0.158562367864693,73.0,0.973333333333333,2.0,0.026666666666667,49.0712449047691,22.7943985342858,2010
Vermont,48498,495796,0.097818457591429,15,106,0.141509433962264,15.0,1.0,0.0,0.0,30.9291104787826,20.3443789151751,2010
Virginia,742131,6056442,0.122535805676006,188,963,0.195223260643821,181.0,0.962765957446808,7.0,0.037234042553192,25.332454782242,14.5832639452226,2010
Washington,592322,5112364,0.115860685976194,222,957,0.231974921630094,212.0,0.954954954954955,10.0,0.045045045045045,37.4796141288016,16.2609108499434,2010
West Virginia,163476,1465012,0.111586799289016,72,279,0.258064516129032,70.0,0.972222222222222,2.0,0.027777777777778,44.0431622990531,15.9042853981757,2010
Wisconsin,420641,4351489,0.096665991801887,169,793,0.213114754098361,,0.0,,0.0,40.1767778224186,15.8744372715506,2010
Wyoming,52337,425022,0.123139508072523,29,131,0.221374045801527,,0.0,,0.0,55.4101305004108,27.368957698861,2010
Total,21767567,233636933,0.093168347660171,7250,38323,0.189181431516322,4655.0,0.642068965517241,153.0,0.021103448275862,33.3064324552211,14.6661127026736,2010
Alabama,395753,3662910,0.108043331667991,163,680,0.239705882352941,,0.0,,0.0,41.1873062238315,15.824155374229,2011
Alaska,72407,517799,0.139836114013353,27,142,0.190140845070423,24.0,0.888888888888889,3.0,0.111111111111111,37.2892123689698,25.8199518626289,2011
Arizona,533608,4842927,0.110182953408135,242,1091,0.221814848762603,,0.0,,0.0,45.3516439033898,19.7014887967217,2011
Arkansas,238790,2221409,0.107494837735869,89,447,0.19910514541387,89.0,1.0,0.0,0.0,37.2712425143431,18.0569236953747,2011
California,1910994,28292703,0.067543705527181,706,3923,0.179964313025746,679.0,0.961756373937677,27.0,0.038243626062323,36.9441243666908,12.194054600481,2011
Colorado,411754,3857537,0.106740129777109,170,879,0.193401592718999,166.0,0.976470588235294,4.0,0.023529411764706,41.2867877421956,20.5758749172539,2011
Connecticut,225987,2768440,0.081629726488564,54,364,0.148351648351648,,0.0,,0.0,23.8951798112281,12.1929490928643,2011
Delaware,77885,699180,0.111394776738465,17,116,0.146551724137931,15.0,0.88235294117647,2.0,0.117647058823529,21.8270527059126,15.9344594757724,2011
Florida*,1571482,15012091,0.104681086732022,642,2789,0.230190032269631,,0.0,,0.0,40.8531564472262,15.9739785600489,2011
Georgia,686591,7279776,0.094314852544914,218,1133,0.192409532215357,,0.0,,0.0,31.7510715986664,13.8779664153213,2011
Hawaii,109218,1034113,0.105615150375249,27,207,0.130434782608696,,0.0,,0.0,24.7211998022304,19.4616686218436,2011
Idaho,121382,1155068,0.105086453784539,68,290,0.23448275862069,67.0,0.985294117647059,1.0,0.014705882352941,56.0214858875286,21.4765412320569,2011
Illinois,719528,9752324,0.073780157427091,191,1183,0.1614539306847,,0.0,,0.0,26.5451796177494,10.9822030742198,2011
Indiana,458943,4915722,0.093362277199565,164,861,0.19047619047619,162.0,0.98780487804878,2.0,0.01219512195122,35.7342850855117,15.6390972045058,2011
Iowa,226737,2336891,0.097025064498087,83,370,0.224324324324324,,0.0,,0.0,36.6062883428818,13.6009030620514,2011
Kansas,210240,2132796,0.098574828534937,72,400,0.18,70.0,0.972222222222222,2.0,0.027777777777778,34.2465753424658,17.0606213811197,2011
Kentucky,311073,3330313,0.093406535661963,124,641,0.193447737909516,,0.0,,0.0,39.8620259553224,17.1235145268346,2011
Louisiana,312953,3442258,0.090915033097461,106,564,0.187943262411348,,0.0,,0.0,33.870900742284,14.6358376700258,2011
Maine,128940,1056250,0.122073372781065,30,198,0.151515151515152,,0.0,,0.0,23.2666356444858,18.1169188297333,2011
Maryland,425963,4457846,0.095553547610214,90,504,0.178571428571429,,0.0,,0.0,21.1285956761503,10.268155102715,2011
Massachusetts,386609,5177318,0.074673605136868,59,597,0.098827470686767,57.0,0.966101694915254,2.0,0.033898305084746,15.26089666821,11.2300705386196,2011
Michigan,671051,7579088,0.088539808483554,217,1274,0.17032967032967,216.0,0.995391705069124,1.0,0.004608294930876,32.3373335260658,15.3010182197924,2011
Minnesota,366790,4065374,0.090222941357917,112,625,0.1792,109.0,0.973214285714286,3.0,0.026785714285714,30.5351836200551,13.8701730175656,2011
Mississippi,201148,2215005,0.09081153315681,76,382,0.198952879581152,73.0,0.960526315789474,3.0,0.039473684210526,37.7831248632847,15.1947233592057,2011
Missouri***,490162,4578570,0.107055696429234,180,873,0.206185567010309,177.0,0.983333333333333,3.0,0.016666666666667,36.7225529518812,16.9503630753095,2011
Montana,94872,772072,0.122879731424012,55,224,0.245535714285714,53.0,0.963636363636364,2.0,0.036363636363636,57.9728476262754,24.9556999409333,2011
Nebraska,146104,1377398,0.106072464167946,34,185,0.183783783783784,,0.0,,0.0,23.2710945627772,12.2635211411734,2011
Nevada,228213,2049720,0.111338621860547,122,554,0.220216606498195,,0.0,,0.0,53.4588301279945,23.7166258488164,2011
New Hampshire,115297,1037312,0.111149779429911,33,203,0.16256157635468,33.0,1.0,0.0,0.0,28.6217334362559,18.4378779087108,2011
New Jersey,444887,6771714,0.065697842525541,92,668,0.137724550898204,89.0,0.967391304347826,3.0,0.032608695652174,20.679408479007,9.10408961711771,2011
New Mexico,177041,1555130,0.113843215679718,83,423,0.196217494089835,78.0,0.939759036144578,5.0,0.060240963855422,46.8817957422292,24.6718463031052,2011
New York,917741,15160932,0.060533283837696,244,1557,0.156711624919717,235.0,0.963114754098361,9.0,0.036885245901639,26.5870218285987,9.21843988471404,2011
North Carolina,740470,7285172,0.101640702511897,207,1171,0.176771989752348,198.0,0.956521739130435,11.0,0.053140096618358,27.9552176320445,14.7294712578204,2011
North Dakota**,55556,527822,0.105255180723805,25,104,0.240384615384615,25.0,1.0,0.0,0.0,44.99964000288,16.7278609935926,2011
Ohio,876163,8842889,0.099081080854911,270,1274,0.21193092621664,267.0,0.988888888888889,3.0,0.011111111111111,30.8161837466316,12.6024166012487,2011
Oklahoma,319724,2837898,0.112662259179153,141,637,0.221350078492936,,0.0,,0.0,44.1005367129149,19.6968120550844,2011
Oregon,319194,3007303,0.10613962078314,150,683,0.219619326500732,144.0,0.96,6.0,0.04,46.9933645369274,19.8280650077806,2011
Pennsylvania,954659,9976032,0.095695262404932,285,1574,0.181067344345616,276.0,0.968421052631579,9.0,0.031578947368421,29.85359170133,14.2882907069689,2011
Rhode Island,71863,829243,0.086660966688896,18,127,0.141732283464567,,0.0,,0.0,25.0476601310828,14.3917188201431,2011
South Carolina,398985,3563610,0.111960904812816,158,645,0.244961240310078,150.0,0.949367088607595,8.0,0.050632911392405,39.6004862338183,15.3888691393135,2011
South Dakota,70027,618454,0.113229116474305,25,123,0.203252032520325,,0.0,,0.0,35.700515515444,17.8692879818098,2011
Tennessee,486407,4896267,0.099342417396764,190,941,0.201912858660999,189.0,0.994736842105263,1.0,0.005263157894737,39.0619378421774,17.0300190935767,2011
Texas,1593072,18617868,0.085566832894078,527,2889,0.182416060920734,504.0,0.956356736242884,23.0,0.043643263757116,33.0807396024787,13.8738813669192,2011
Utah,146806,1930847,0.076031917598857,71,468,0.151709401709402,68.0,0.957746478873239,3.0,0.042253521126761,48.3631459204665,22.2528518122622,2011
Vermont,51373,499809,0.102785263970837,18,124,0.145161290322581,17.0,0.944444444444444,1.0,0.055555555555556,35.037860354661,23.6377097289245,2011
Virginia,734757,6137315,0.119719616803113,197,981,0.200815494393476,190.0,0.964467005076142,7.0,0.035532994923858,26.8115853268496,14.5116442988673,2011
Washington,597778,5194460,0.115079912060156,207,955,0.216753926701571,196.0,0.946859903381642,11.0,0.053140096618358,34.6282399151524,16.2726070674456,2011
West Virginia,155581,1467977,0.105983268130223,70,277,0.252707581227437,67.0,0.957142857142857,3.0,0.042857142857143,44.9926404895199,15.7726783684193,2011
Wisconsin,413735,4383985,0.094374182393416,167,791,0.211125158027813,,0.0,,0.0,40.3640011118228,15.7168944021157,2011
Wyoming,52415,430554,0.121738504345564,30,132,0.227272727272727,,0.0,0.0,0.0,57.235524182009,26.974207897096,2011
Total,21428708,236155491,0.090739825312806,7346,38243,0.192087440838846,4683.0,0.637489790362102,158.0,0.021508303838824,34.2811148483614,14.3889828592086,2011
